{
  "model": "MultiLayerTwoStageEncoder",
  "subject": "subj01",
  "architecture": {
    "input_dim": 512,
    "latent_dim": 512,
    "n_blocks": 4,
    "dropout": 0.3,
    "layer_dims": {
      "layer_4": 768,
      "layer_8": 768,
      "layer_12": 768,
      "final": 512
    }
  },
  "training": {
    "best_epoch": 2,
    "best_val_cosine": 0.45907583832740784,
    "multi_layer": true,
    "layer_weights": {
      "layer_4": 0.15,
      "layer_8": 0.2,
      "layer_12": 0.25,
      "final": 0.4
    }
  },
  "test_metrics": {
    "cosine": 0.46727505326271057,
    "cosine_std": 0.024214401841163635,
    "mse": 0.002080956706777215,
    "nll": -2.83958101272583,
    "uncertainty_mean": 0.0018517512362450361,
    "uncertainty_std": 1.904777633399135e-07,
    "logvar_mean": -8.56799602508545,
    "logvar_std": 2.345571994781494,
    "logvar_clamp_fraction": 0.52734375,
    "embedding_error_mean": 0.532724916934967,
    "spearman_u_e": 0.4047619047619048
  },
  "checkpoint": "checkpoints/two_stage/subj01/smoke_tiny_paper/two_stage_best.pt"
}