{
  "model": "MultiLayerTwoStageEncoder",
  "subject": "subj01",
  "architecture": {
    "input_dim": 512,
    "latent_dim": 512,
    "n_blocks": 4,
    "dropout": 0.3,
    "layer_dims": {
      "layer_4": 768,
      "layer_8": 768,
      "layer_12": 768,
      "final": 512
    }
  },
  "training": {
    "best_epoch": 5,
    "best_val_cosine": 0.7110322713851929,
    "multi_layer": true,
    "layer_weights": {
      "layer_4": 0.15,
      "layer_8": 0.2,
      "layer_12": 0.25,
      "final": 0.4
    }
  },
  "test_metrics": {
    "cosine": 0.7056936621665955,
    "cosine_std": 0.062152910977602005,
    "mse": 0.0011496345978230238,
    "nll": -2.9931063652038574,
    "uncertainty_mean": 0.000850542972330004,
    "uncertainty_std": 6.4568257407415786e-09,
    "logvar_mean": -8.874187469482422,
    "logvar_std": 1.8945410251617432,
    "logvar_clamp_fraction": 0.583984375,
    "embedding_error_mean": 0.2943063974380493,
    "spearman_u_e": -0.10233868230975589
  },
  "checkpoint": "checkpoints/two_stage/subj01/prob_adapt_q_run2/two_stage_best.pt"
}