{
  "n_test": 19,
  "n_bootstrap": 10000,
  "per_model_ci": {
    "ridge": {
      "mean": 0.5519879852470598,
      "ci_95": [
        0.5028045959378543,
        0.5974206618964671
      ],
      "bootstrap_se": 0.02368609944978907
    },
    "shared_only_s0": {
      "mean": 0.07890667021274567,
      "ci_95": [
        0.06741910092532635,
        0.09455778505653142
      ],
      "bootstrap_se": 0.007084226235747337
    },
    "shared_only_s42": {
      "mean": 0.07348686456680298,
      "ci_95": [
        0.06376622822135687,
        0.08519742228090763
      ],
      "bootstrap_se": 0.005598734132945538
    },
    "shared_only_s123": {
      "mean": 0.15040187537670135,
      "ci_95": [
        0.14338669404387475,
        0.15730096586048603
      ],
      "bootstrap_se": 0.003542866325005889
    },
    "sp_p16_s0": {
      "mean": 0.00185384601354599,
      "ci_95": [
        -0.010082818008959294,
        0.016338999429717657
      ],
      "bootstrap_se": 0.006803811062127352
    },
    "sp_p16_s42": {
      "mean": 0.047927215695381165,
      "ci_95": [
        0.033510828483849765,
        0.06476005390286446
      ],
      "bootstrap_se": 0.007980483584105968
    },
    "sp_p16_s123": {
      "mean": 0.01007840782403946,
      "ci_95": [
        0.0013395370915532114,
        0.019476273376494643
      ],
      "bootstrap_se": 0.004624271299690008
    }
  },
  "seed_averaged_ci": {
    "shared_only": {
      "mean": 0.1009318083524704,
      "ci_95": [
        0.09268151354044676,
        0.11127822324633597
      ]
    },
    "sp_p16": {
      "mean": 0.019953155890107155,
      "ci_95": [
        0.011799037479795516,
        0.030456075072288515
      ]
    }
  },
  "ordering_ci": {
    "ridge_minus_shared_only": {
      "mean_diff": 0.450456255874822,
      "ci_95": [
        0.40381727139220425,
        0.4949011262212145
      ],
      "excludes_zero": true,
      "p_positive": 1.0
    },
    "shared_only_minus_sp_p16": {
      "mean_diff": 0.08097156137228012,
      "ci_95": [
        0.07414427436888218,
        0.08701386656612158
      ],
      "excludes_zero": true,
      "p_positive": 1.0
    },
    "ridge_minus_sp_p16": {
      "mean_diff": 0.5322299438973693,
      "ci_95": [
        0.48707824529050603,
        0.5760515915450494
      ],
      "excludes_zero": true,
      "p_positive": 1.0
    }
  },
  "per_seed_ordering": {
    "seed0_so_minus_sp": {
      "mean_diff": 0.07696429640054703,
      "ci_95": [
        0.0630927013233304,
        0.09405060615390538
      ],
      "excludes_zero": true,
      "p_positive": 1.0
    },
    "seed42_so_minus_sp": {
      "mean_diff": 0.025562051683664322,
      "ci_95": [
        0.02013735743239522,
        0.030314100906252858
      ],
      "excludes_zero": true,
      "p_positive": 1.0
    },
    "seed123_so_minus_sp": {
      "mean_diff": 0.14019668102264404,
      "ci_95": [
        0.12742324806749822,
        0.15124125517904757
      ],
      "excludes_zero": true,
      "p_positive": 1.0
    }
  }
}